<?xml version="1.0" encoding="UTF-8"?>
<project-private xmlns="http://www.netbeans.org/ns/project-private/1">
    <editor-bookmarks xmlns="http://www.netbeans.org/ns/editor-bookmarks/2" lastBookmarkId="0"/>
    <open-files xmlns="http://www.netbeans.org/ns/projectui-open-files/2">
        <group>
            <file>file:/F:/MyGitSites/6%20BUET%20Undergrad%20Projects/4%20Chat%20Messenger/src/Server_Package/Chat_Server.java</file>
            <file>file:/F:/MyGitSites/6%20BUET%20Undergrad%20Projects/4%20Chat%20Messenger/src/Client_Package/ChatClient.java</file>
        </group>
    </open-files>
</project-private>
