<?xml version="1.0" encoding="UTF-8"?>
<project-private xmlns="http://www.netbeans.org/ns/project-private/1">
    <editor-bookmarks xmlns="http://www.netbeans.org/ns/editor-bookmarks/2" lastBookmarkId="0"/>
    <open-files xmlns="http://www.netbeans.org/ns/projectui-open-files/2">
        <group name="WorkGroup"/>
        <group>
            <file>file:/F:/MyGitSites/6%20BUET%20Undergrad%20Projects/3%20GRE%20exam%20system/ExamCenter%20full%20&amp;%20final/src/examcenter/Student.java</file>
        </group>
    </open-files>
</project-private>
